B,F,L,baseline_ms,fused_ms,max_diff
4,64,8,0.061736106872558594,0.03979206085205078,0.0
